{"cameraMode":{"drawMode":0,"name":"Shaded","section":"Shading Mode"},"sceneLighting":true,"audioPlay":false,"sceneViewState":{"showFog":false,"showMaterialUpdate":false,"showSkybox":false,"showFlares":false,"showImageEffects":false,"showParticleSystems":false},"in2DMode":false,"pivot":{"x":-0.4741362929344177,"y":-3.3212873935699465,"z":10.77889633178711},"rotation":{"x":-0.07966229319572449,"y":0.03946065530180931,"z":-0.0031558952759951355,"w":-0.9960333108901978},"size":17.984588623046876,"orthographic":false}