{"cameraMode":{"drawMode":0,"name":"Shaded","section":"Shading Mode"},"sceneLighting":true,"audioPlay":false,"sceneViewState":{"showFog":false,"showMaterialUpdate":false,"showSkybox":false,"showFlares":false,"showImageEffects":false,"showParticleSystems":false},"in2DMode":false,"pivot":{"x":-8.381027221679688,"y":-3.9122283458709719,"z":1.613553762435913},"rotation":{"x":-0.04529251903295517,"y":0.008089051581919194,"z":-0.0003657114284578711,"w":-0.9989367127418518},"size":11.364604949951172,"orthographic":false}